 
{
    "X": [0.0, 0.0],
    "Y": [0.0, 0.0],
    "Z": [0.0, 0.2],
    "quat_X": [0.0, 0.0],
    "quat_Y": [0.0, 0.7071067811865475],
    "quat_Z": [0.0, 0.0],
    "quat_W": [1.0, -0.7071067811865475]
} 
