 
{
    "X": [0.22000000000000003, 0.16852977748617518, 0.038202599086724666, -0.10999999999999996, -0.2067323765728999, -0.20673237657289992, -0.11000000000000011, 0.03820259908672459, 0.16852977748617515, 0.22000000000000003],
    "Y": [3.1840816777831187e-17, -0.2560500157831741, -0.08892523726467384, 0.225166604983954, 0.16712477851850016, -0.16712477851849997, -0.2251666049839542, 0.08892523726467365, 0.25605001578317416, 1.5920408388915593e-16],
    "Z": [0.0, -0.0, -0.0, -0.0, -0.0, 0.0, 0.0, 0.0, 0.0, 0.0],
    "quat_X": [0.0, 0.0, 0.0, 0.0, 0.0, 0.0, 0.0, 0.0, 0.0, 0.0],
    "quat_Y": [0.0, 0.0, 0.0, 0.0, 0.0, 0.0, 0.0, 0.0, 0.0, 0.0],
    "quat_Z": [0.0, 0.0, 0.0, 0.0, 0.0, 0.0, 0.0, 0.0, 0.0, 0.0],
    "quat_W": [1.0, 1.0, 1.0, 1.0, 1.0, 1.0, 1.0, 1.0, 1.0, 1.0]
} 
