 
{
    "X": [0.25, 0.2494966691179711, 0.24798870320769884, 0.24548217431567668, 0.24198717534908906, 0.23751777943523636, 0.23209198325401817, 0.2257316345716553, 0.21846234426744626, 0.21031338320779527, 0.20131756438276469, 0.1915111107797445, 0.18093350952626758, 0.16962735288928305, 0.1576381667711306, 0.14501422739279957, 0.13180636690262568, 0.11806776869317069, 0.10385375325047158, 0.08922155539796799, 0.0742300938320688, 0.05893973387735684, 0.04341204441673257, 0.02770954997525279, 0.011895478955935561, -0.003966490958702048, -0.01981248921419712, -0.03557870956832123, -0.05120166701629767, -0.0666184534225088, -0.0817669908293554, -0.0965862814232821, -0.11101665315144352, -0.12500000000000003, -0.13848001596652756, -0.15140242178441668, -0.16371518348632125, -0.17536872192658035, -0.18631611241893864, -0.19651327368569682, -0.20591914535745812, -0.21449585330874427, -0.22220886216373084, -0.22902711435801745, -0.2349231551964771, -0.23987324340362434, -0.24385744672135176, -0.24685972216909857, -0.24886798064327115, -0.24987413559579627, -0.24987413559579627, -0.24886798064327115, -0.24685972216909857, -0.24385744672135176, -0.23987324340362437, -0.23492315519647713, -0.2290271143580174, -0.2222088621637309, -0.21449585330874418, -0.20591914535745814, -0.19651327368569688, -0.18631611241893872, -0.1753687219265804, -0.1637151834863214, -0.15140242178441668, -0.13848001596652762, -0.12499999999999992, -0.1110166531514435, -0.09658628142328218, -0.08176699082935548, -0.06661845342250867, -0.05120166701629765, -0.03557870956832133, -0.01981248921419721, -0.003966490958701918, 0.01189547895593558, 0.027709549975252698, 0.04341204441673248, 0.058939733877356855, 0.0742300938320687, 0.0892215553979679, 0.10385375325047169, 0.1180677686931707, 0.1318063669026256, 0.14501422739279948, 0.15763816677113068, 0.16962735288928307, 0.18093350952626752, 0.19151111077974445, 0.20131756438276469, 0.2103133832077953, 0.2184623442674462, 0.22573163457165527, 0.23209198325401817, 0.23751777943523633, 0.24198717534908906, 0.2454821743156767, 0.24798870320769884, 0.2494966691179711, 0.25],
    "Y": [2.4492935982947065e-17, -0.025318490714749828, -0.0502295974362158, -0.07433249113206547, -0.0972393472200937, -0.11858158581092806, -0.13801580229642238, -0.1552292928583514, -0.16994508598990285, -0.1819263990709037, -0.19098044828881477, -0.1969615506024416, -0.1997734678366016, -0.1993709551903885, -0.19576048924295575, -0.1890001637429337, -0.17919875485826722, -0.1665139709269543, -0.15114991487085164, -0.13335380010325834, -0.11341197277255427, -0.09164530434548213, -0.06840402866513372, -0.04406210655730819, -0.019011208660836512, 0.0063455866996136355, 0.03160027919466999, 0.05634651136828586, 0.08018610708132273, 0.10273547831468136, 0.12363179724412104, 0.1425388342757725, 0.15915236810616643, 0.17320508075688779, 0.1844708588209163, 0.19276843171198843, 0.19796428837618654, 0.19997482553477502, 0.19876769289225082, 0.19436231366470838, 0.18682957205302142, 0.1762906726895164, 0.1629151904100672, 0.14691834173150653, 0.12855752193730782, 0.10812816349111952, 0.08595898241783441, 0.0624066891396976, 0.03785024887208198, 0.01268478393131293, -0.012684783931313138, -0.03785024887208218, -0.06240668913969747, -0.08595898241783428, -0.10812816349111941, -0.12855752193730768, -0.14691834173150667, -0.1629151904100671, -0.1762906726895165, -0.1868295720530214, -0.19436231366470835, -0.19876769289225082, -0.19997482553477502, -0.1979642883761866, -0.19276843171198843, -0.18447085882091632, -0.17320508075688767, -0.1591523681061664, -0.1425388342757726, -0.12363179724412116, -0.10273547831468118, -0.08018610708132272, -0.056346511368286, -0.031600279194670136, -0.006345586699613427, 0.019011208660836543, 0.044062106557308044, 0.06840402866513358, 0.09164530434548215, 0.11341197277255413, 0.13335380010325823, 0.15114991487085178, 0.1665139709269543, 0.17919875485826717, 0.18900016374293366, 0.19576048924295578, 0.1993709551903885, 0.1997734678366016, 0.19696155060244167, 0.19098044828881477, 0.1819263990709037, 0.16994508598990293, 0.1552292928583515, 0.13801580229642235, 0.1185815858109281, 0.09723934722009384, 0.07433249113206536, 0.05022959743621578, 0.025318490714749883, 1.2246467991473532e-16],
    "Z": [1.408343819019456e-17, -0.01458750152100982, -0.02911626432196231, -0.04352778620289432, -0.05776403705164819, -0.071767692510652, -0.0854823648018753, -0.09885282978050947, -0.11182524930310775, -0.12434738801478745, -0.13636882368256725, -0.14784115022790403, -0.1587181726408857, -0.16895609299123263, -0.17851368678710408, -0.1873524689715772, -0.19543684888838828, -0.20273427359294383, -0.20921535893153922, -0.21485400786097453, -0.21962751553213694, -0.22351666071441456, -0.2265057831928078, -0.22858284682608843, -0.22973948801209182, -0.22997104936499124, -0.22927659846894674, -0.22765893163261453, -0.2251245626293991, -0.22168369646878666, -0.21735018830437372, -0.21214148764405372, -0.20607856808700722, -0.19918584287042085, -0.1914910665659974, -0.18302522332209137, -0.17382240210147942, -0.16391965941713843, -0.15335687011874707, -0.14217656683073926, -0.13042376868843736, -0.11814580006188344, -0.10539209999730442, -0.09221402314352105, -0.07866463296490377, -0.06479848807352884, -0.05067142254090439, -0.036340321073870585, -0.02186288995996197, -0.007297424704555575, 0.0072974247045556944, 0.021862889959962092, 0.0363403210738705, 0.050671422540904315, 0.06479848807352874, 0.07866463296490367, 0.09221402314352115, 0.10539209999730435, 0.11814580006188355, 0.1304237686884373, 0.14217656683073918, 0.15335687011874702, 0.16391965941713837, 0.17382240210147928, 0.18302522332209137, 0.19149106656599735, 0.1991858428704209, 0.20607856808700725, 0.2121414876440537, 0.2173501883043737, 0.2216836964687867, 0.2251245626293991, 0.2276589316326145, 0.2292765984689467, 0.22997104936499124, 0.22973948801209182, 0.22858284682608843, 0.22650578319280784, 0.22351666071441456, 0.21962751553213697, 0.21485400786097453, 0.20921535893153917, 0.20273427359294383, 0.1954368488883883, 0.18735246897157726, 0.178513686787104, 0.16895609299123263, 0.15871817264088575, 0.1478411502279041, 0.13636882368256725, 0.12434738801478742, 0.11182524930310783, 0.09885282978050955, 0.08548236480187527, 0.07176769251065203, 0.057764037051648266, 0.04352778620289425, 0.02911626432196229, 0.01458750152100985, 7.04171909509728e-17],
    "quat_X": [1.0, 1.0, 1.0, 1.0, 1.0, 1.0, 1.0, 1.0, 1.0, 1.0, 1.0, 1.0, 1.0, 1.0, 1.0, 1.0, 1.0, 1.0, 1.0, 1.0, 1.0, 1.0, 1.0, 1.0, 1.0, 1.0, 1.0, 1.0, 1.0, 1.0, 1.0, 1.0, 1.0, 1.0, 1.0, 1.0, 1.0, 1.0, 1.0, 1.0, 1.0, 1.0, 1.0, 1.0, 1.0, 1.0, 1.0, 1.0, 1.0, 1.0, 1.0, 1.0, 1.0, 1.0, 1.0, 1.0, 1.0, 1.0, 1.0, 1.0, 1.0, 1.0, 1.0, 1.0, 1.0, 1.0, 1.0, 1.0, 1.0, 1.0, 1.0, 1.0, 1.0, 1.0, 1.0, 1.0, 1.0, 1.0, 1.0, 1.0, 1.0, 1.0, 1.0, 1.0, 1.0, 1.0, 1.0, 1.0, 1.0, 1.0, 1.0, 1.0, 1.0, 1.0, 1.0, 1.0, 1.0, 1.0, 1.0, 1.0],
    "quat_Y": [0.0, 0.0, 0.0, 0.0, 0.0, 0.0, 0.0, 0.0, 0.0, 0.0, 0.0, 0.0, 0.0, 0.0, 0.0, 0.0, 0.0, 0.0, 0.0, 0.0, 0.0, 0.0, 0.0, 0.0, 0.0, 0.0, 0.0, 0.0, 0.0, 0.0, 0.0, 0.0, 0.0, 0.0, 0.0, 0.0, 0.0, 0.0, 0.0, 0.0, 0.0, 0.0, 0.0, 0.0, 0.0, 0.0, 0.0, 0.0, 0.0, 0.0, 0.0, 0.0, 0.0, 0.0, 0.0, 0.0, 0.0, 0.0, 0.0, 0.0, 0.0, 0.0, 0.0, 0.0, 0.0, 0.0, 0.0, 0.0, 0.0, 0.0, 0.0, 0.0, 0.0, 0.0, 0.0, 0.0, 0.0, 0.0, 0.0, 0.0, 0.0, 0.0, 0.0, 0.0, 0.0, 0.0, 0.0, 0.0, 0.0, 0.0, 0.0, 0.0, 0.0, 0.0, 0.0, 0.0, 0.0, 0.0, 0.0, 0.0],
    "quat_Z": [0.0, 0.0, 0.0, 0.0, 0.0, 0.0, 0.0, 0.0, 0.0, 0.0, 0.0, 0.0, 0.0, 0.0, 0.0, 0.0, 0.0, 0.0, 0.0, 0.0, 0.0, 0.0, 0.0, 0.0, 0.0, 0.0, 0.0, 0.0, 0.0, 0.0, 0.0, 0.0, 0.0, 0.0, 0.0, 0.0, 0.0, 0.0, 0.0, 0.0, 0.0, 0.0, 0.0, 0.0, 0.0, 0.0, 0.0, 0.0, 0.0, 0.0, 0.0, 0.0, 0.0, 0.0, 0.0, 0.0, 0.0, 0.0, 0.0, 0.0, 0.0, 0.0, 0.0, 0.0, 0.0, 0.0, 0.0, 0.0, 0.0, 0.0, 0.0, 0.0, 0.0, 0.0, 0.0, 0.0, 0.0, 0.0, 0.0, 0.0, 0.0, 0.0, 0.0, 0.0, 0.0, 0.0, 0.0, 0.0, 0.0, 0.0, 0.0, 0.0, 0.0, 0.0, 0.0, 0.0, 0.0, 0.0, 0.0, 0.0],